"SequenceNumber","User","th+time_delta","th+dwell_time","th+flight_time","he+time_delta","he+dwell_time","he+flight_time","e +time_delta","e +dwell_time","e +flight_time"," d+time_delta"," d+dwell_time"," d+flight_time","do+time_delta","do+dwell_time","do+flight_time","og+time_delta","og+dwell_time","og+flight_time","g +time_delta","g +dwell_time","g +flight_time"," i+time_delta"," i+dwell_time"," i+flight_time","in+time_delta","in+dwell_time","in+flight_time","n +time_delta","n +dwell_time","n +flight_time"," t+time_delta"," t+dwell_time"," t+flight_time"," h+time_delta"," h+dwell_time"," h+flight_time","ho+time_delta","ho+dwell_time","ho+flight_time","ou+time_delta","ou+dwell_time","ou+flight_time","us+time_delta","us+dwell_time","us+flight_time","se+time_delta","se+dwell_time","se+flight_time","ha+time_delta","ha+dwell_time","ha+flight_time","as+time_delta","as+dwell_time","as+flight_time","s +time_delta","s +dwell_time","s +flight_time"," b+time_delta"," b+dwell_time"," b+flight_time","be+time_delta","be+dwell_time","be+flight_time","ee+time_delta","ee+dwell_time","ee+flight_time","en+time_delta","en+dwell_time","en+flight_time"," s+time_delta"," s+dwell_time"," s+flight_time","si+time_delta","si+dwell_time","si+flight_time","nc+time_delta","nc+dwell_time","nc+flight_time","ce+time_delta","ce+dwell_time","ce+flight_time","st+time_delta","st+dwell_time","st+flight_time","ta+time_delta","ta+dwell_time","ta+flight_time","ar+time_delta","ar+dwell_time","ar+flight_time","rt+time_delta","rt+dwell_time","rt+flight_time","t +time_delta","t +dwell_time","t +flight_time"," o+time_delta"," o+dwell_time"," o+flight_time","of+time_delta","of+dwell_time","of+flight_time","f +time_delta","f +dwell_time","f +flight_time"," y+time_delta"," y+dwell_time"," y+flight_time","ye+time_delta","ye+dwell_time","ye+flight_time","an+time_delta","an+dwell_time","an+flight_time","nd+time_delta","nd+dwell_time","nd+flight_time","d +time_delta","d +dwell_time","d +flight_time","h +time_delta","h +dwell_time","h +flight_time"," w+time_delta"," w+dwell_time"," w+flight_time","wa+time_delta","wa+dwell_time","wa+flight_time","nt+time_delta","nt+dwell_time","nt+flight_time","ts+time_delta","ts+dwell_time","ts+flight_time","to+time_delta","to+dwell_time","to+flight_time","o +time_delta","o +dwell_time","o +flight_time"," g+time_delta"," g+dwell_time"," g+flight_time","go+time_delta","go+dwell_time","go+flight_time","ya+time_delta","ya+dwell_time","ya+flight_time","rd+time_delta","rd+dwell_time","rd+flight_time","we+time_delta","we+dwell_time","we+flight_time"," z+time_delta"," z+dwell_time"," z+flight_time","zo+time_delta","zo+dwell_time","zo+flight_time","on+time_delta","on+dwell_time","on+flight_time","ek+time_delta","ek+dwell_time","ek+flight_time","ke+time_delta","ke+dwell_time","ke+flight_time"," a+time_delta"," a+dwell_time"," a+flight_time","at+time_delta","at+dwell_time","at+flight_time"," l+time_delta"," l+dwell_time"," l+flight_time","le+time_delta","le+dwell_time","le+flight_time","ea+time_delta","ea+dwell_time","ea+flight_time","ne+time_delta","ne+dwell_time","ne+flight_time","r +time_delta","r +dwell_time","r +flight_time"," f+time_delta"," f+dwell_time"," f+flight_time","fo+time_delta","fo+dwell_time","fo+flight_time","ur+time_delta","ur+dwell_time","ur+flight_time"," j+time_delta"," j+dwell_time"," j+flight_time","ju+time_delta","ju+dwell_time","ju+flight_time","ul+time_delta","ul+dwell_time","ul+flight_time","ly+time_delta","ly+dwell_time","ly+flight_time","y +time_delta","y +dwell_time","y +flight_time","am+time_delta","am+dwell_time","am+flight_time","me+time_delta","me+dwell_time","me+flight_time","er+time_delta","er+dwell_time","er+flight_time","ri+time_delta","ri+dwell_time","ri+flight_time","ic+time_delta","ic+dwell_time","ic+flight_time","ca+time_delta","ca+dwell_time","ca+flight_time","a +time_delta","a +dwell_time","a +flight_time","is+time_delta","is+dwell_time","is+flight_time"," c+time_delta"," c+dwell_time"," c+flight_time","co+time_delta","co+dwell_time","co+flight_time","un+time_delta","un+dwell_time","un+flight_time","tr+time_delta","tr+dwell_time","tr+flight_time","ry+time_delta","ry+dwell_time","ry+flight_time","es+time_delta","es+dwell_time","es+flight_time","em+time_delta","em+dwell_time","em+flight_time","mi+time_delta","mi+dwell_time","mi+flight_time","sp+time_delta","sp+dwell_time","sp+flight_time","ph+time_delta","ph+dwell_time","ph+flight_time","ro+time_delta","ro+dwell_time","ro+flight_time","or+time_delta","or+dwell_time","or+flight_time","lo+time_delta","lo+dwell_time","lo+flight_time","ng+time_delta","ng+dwell_time","ng+flight_time","ti+time_delta","ti+dwell_time","ti+flight_time","im+time_delta","im+dwell_time","im+flight_time","na+time_delta","na+dwell_time","na+flight_time","  +time_delta","  +dwell_time","  +flight_time"," p+time_delta"," p+dwell_time"," p+flight_time","po+time_delta","po+dwell_time","po+flight_time","ow+time_delta","ow+dwell_time","ow+flight_time","rf+time_delta","rf+dwell_time","rf+flight_time","fu+time_delta","fu+dwell_time","fu+flight_time","l +time_delta","l +dwell_time","l +flight_time","wo+time_delta","wo+dwell_time","wo+flight_time","rl+time_delta","rl+dwell_time","rl+flight_time","ld+time_delta","ld+dwell_time","ld+flight_time","hi+time_delta","hi+dwell_time","hi+flight_time","i +time_delta","i +dwell_time","i +flight_time","m +time_delta","m +dwell_time","m +flight_time","fr+time_delta","fr+dwell_time","fr+flight_time","om+time_delta","om+dwell_time","om+flight_time"," k+time_delta"," k+dwell_time"," k+flight_time","ki+time_delta","ki+dwell_time","ki+flight_time","it+time_delta","it+dwell_time","it+flight_time","tc+time_delta","tc+dwell_time","tc+flight_time","ch+time_delta","ch+dwell_time","ch+flight_time","w +time_delta","w +dwell_time","w +flight_time"," m+time_delta"," m+dwell_time"," m+flight_time","ma+time_delta","ma+dwell_time","ma+flight_time","ay+time_delta","ay+dwell_time","ay+flight_time","ak+time_delta","ak+dwell_time","ak+flight_time","ge+time_delta","ge+dwell_time","ge+flight_time","et+time_delta","et+dwell_time","et+flight_time","oo+time_delta","oo+dwell_time","oo+flight_time","ci+time_delta","ci+dwell_time","ci+flight_time","ty+time_delta","ty+dwell_time","ty+flight_time"," I+time_delta"," I+dwell_time"," I+flight_time","I +time_delta","I +dwell_time","I +flight_time","wh+time_delta","wh+dwell_time","wh+flight_time","re+time_delta","re+dwell_time","re+flight_time","ka+time_delta","ka+dwell_time","ka+flight_time","ga+time_delta","ga+dwell_time","ga+flight_time","os+time_delta","os+dwell_time","os+flight_time","ss+time_delta","ss+dwell_time","ss+flight_time","li+time_delta","li+dwell_time","li+flight_time","te+time_delta","te+dwell_time","te+flight_time"
"1","cordus","106.5","84.5","25.0","99.0","96.5","5.5","128.5","130.5","81.0","182.5","81.0","100.5","114.0","77.0","36.5","116.5","74.5","41.5","130.5","74.5","55.0","129.5","81.5","65.5","0.0","81.5","0.0","168.0","75.0","92.0","105.5","97.5","39.0","130.5","79.0","50.5","178.0","74.5","103.5","131.0","74.0","57.0","86.5","111.0","37.0","90.5","163.5","72.0","131.5","79.0","51.5","122.0","119.0","78.5","126.0","121.5","80.5","153.0","83.5","69.5","154.0","78.0","76.0","117.5","85.5","65.5","104.0","85.0","52.0","-1","-1","-1","-1","-1","-1","-1","-1","-1","-1","-1","-1","-1","-1","-1","-1","-1","-1","-1","-1","-1","-1","-1","-1","-1","-1","-1","-1","-1","-1","-1","-1","-1","-1","-1","-1","-1","-1","-1","-1","-1","-1","-1","-1","-1","-1","-1","-1","-1","-1","-1","-1","-1","-1","-1","-1","-1","-1","-1","-1","-1","-1","-1","-1","-1","-1","-1","-1","-1","-1","-1","-1","-1","-1","-1","-1","-1","-1","-1","-1","-1","-1","-1","-1","-1","-1","-1","-1","-1","-1","-1","-1","-1","-1","-1","-1","-1","-1","-1","-1","-1","-1","-1","-1","-1","-1","-1","-1","-1","-1","-1","-1","-1","-1","-1","-1","-1","-1","-1","-1","-1","-1","-1","-1","-1","-1","-1","-1","-1","-1","-1","-1","-1","-1","-1","-1","-1","-1","-1","-1","-1","-1","-1","-1","-1","-1","-1","-1","-1","-1","-1","-1","-1","-1","-1","-1","-1","-1","-1","-1","-1","-1","-1","-1","-1","-1","-1","-1","-1","-1","-1","-1","-1","-1","-1","-1","-1","-1","-1","-1","-1","-1","-1","-1","-1","-1","-1","-1","-1","-1","-1","-1","-1","-1","-1","-1","-1","-1","-1","-1","-1","-1","-1","-1","-1","-1","-1","-1","-1","-1","-1","-1","-1","-1","-1","-1","-1","-1","-1","-1","-1","-1","-1","-1","-1","-1","-1","-1","-1","-1","-1","-1","-1","-1","-1","-1","-1","-1","-1","-1","-1","-1","-1","-1","-1","-1","-1","-1","-1","-1","-1","-1","-1","-1","-1","-1","-1","-1","-1","-1","-1","-1","-1","-1","-1","-1","-1","-1","-1","-1","-1","-1","-1","-1","-1","-1","-1","-1","-1","-1","-1","-1","-1","-1","-1","-1","-1","-1","-1","-1","-1","-1","-1","-1","-1","-1","-1","-1","-1","-1","-1","-1","-1","-1","-1","-1","-1","-1","-1","-1","-1","-1","-1","-1","-1","-1","-1","-1","-1","-1","-1","-1","-1","-1","-1","-1","-1","-1","-1","-1","-1","-1","-1","-1","-1","-1","-1","-1","-1","-1","-1","-1"
"2","cordus","116.0","79.0","36.0","94.5","83.0","34.5","127.5","88.5","62.0","-1","-1","-1","-1","-1","-1","-1","-1","-1","-1","-1","-1","-1","-1","-1","93.5","72.0","21.0","-1","-1","-1","105.5","83.0","22.0","207.0","82.5","124.0","190.5","80.5","109.5","123.0","73.0","49.5","67.5","95.0","30.5","93.0","116.5","35.0","-1","-1","-1","-1","-1","-1","-1","-1","-1","-1","-1","-1","-1","-1","-1","-1","-1","-1","-1","-1","-1","187.5","99.5","87.0","83.5","92.5","11.5","116.5","92.0","23.5","99.0","100.5","10.0","118.5","104.5","13.5","93.0","116.0","48.5","78.0","117.5","39.0","148.5","84.5","70.5","225.0","72.5","151.5","170.5","69.0","101.0","101.0","90.5","22.5","95.5","92.5","15.0","138.0","73.5","63.5","0.0","79.5","0.0","-1","-1","-1","-1","-1","-1","-1","-1","-1","-1","-1","-1","-1","-1","-1","-1","-1","-1","-1","-1","-1","-1","-1","-1","-1","-1","-1","-1","-1","-1","-1","-1","-1","-1","-1","-1","-1","-1","-1","-1","-1","-1","-1","-1","-1","-1","-1","-1","-1","-1","-1","-1","-1","-1","-1","-1","-1","-1","-1","-1","-1","-1","-1","-1","-1","-1","-1","-1","-1","-1","-1","-1","-1","-1","-1","-1","-1","-1","-1","-1","-1","-1","-1","-1","-1","-1","-1","-1","-1","-1","-1","-1","-1","-1","-1","-1","-1","-1","-1","-1","-1","-1","-1","-1","-1","-1","-1","-1","-1","-1","-1","-1","-1","-1","-1","-1","-1","-1","-1","-1","-1","-1","-1","-1","-1","-1","-1","-1","-1","-1","-1","-1","-1","-1","-1","-1","-1","-1","-1","-1","-1","-1","-1","-1","-1","-1","-1","-1","-1","-1","-1","-1","-1","-1","-1","-1","-1","-1","-1","-1","-1","-1","-1","-1","-1","-1","-1","-1","-1","-1","-1","-1","-1","-1","-1","-1","-1","-1","-1","-1","-1","-1","-1","-1","-1","-1","-1","-1","-1","-1","-1","-1","-1","-1","-1","-1","-1","-1","-1","-1","-1","-1","-1","-1","-1","-1","-1","-1","-1","-1","-1","-1","-1","-1","-1","-1","-1","-1","-1","-1","-1","-1","-1","-1","-1","-1","-1","-1","-1","-1","-1","-1","-1","-1","-1","-1","-1","-1","-1","-1","-1","-1","-1","-1","-1","-1","-1","-1","-1","-1","-1","-1","-1","-1","-1","-1","-1","-1","-1","-1","-1","-1","-1","-1","-1","-1","-1","-1","-1","-1","-1","-1","-1","-1","-1","-1","-1","-1","-1","-1","-1","-1","-1","-1","-1","-1","-1","-1","-1","-1","-1","-1","-1","-1","-1","-1","-1","-1","-1","-1"
"3","cordus","125.5","86.0","39.0","103.5","82.0","29.0","160.0","94.5","73.0","-1","-1","-1","-1","-1","-1","-1","-1","-1","-1","-1","-1","-1","-1","-1","-1","-1","-1","-1","-1","-1","172.5","93.5","78.0","300.0","70.5","229.0","-1","-1","-1","-1","-1","-1","-1","-1","-1","-1","-1","-1","-1","-1","-1","-1","-1","-1","106.0","87.0","18.5","-1","-1","-1","-1","-1","-1","-1","-1","-1","-1","-1","-1","-1","-1","-1","-1","-1","-1","-1","-1","-1","-1","-1","-1","-1","-1","-1","-1","-1","-1","-1","-1","-1","-1","-1","-1","-1","-1","-1","-1","-1","-1","-1","-1","-1","-1","-1","-1","0.0","84.5","0.0","-1","-1","-1","153.5","99.0","61.0","128.5","91.5","36.5","231.0","87.0","143.5","550.0","78.0","471.5","480.0","90.5","389.5","131.5","112.5","25.5","141.5","68.0","73.0","94.0","78.0","15.5","124.0","91.0","53.0","188.5","80.5","107.5","105.0","81.5","23.5","162.5","82.5","79.5","-1","-1","-1","-1","-1","-1","-1","-1","-1","-1","-1","-1","-1","-1","-1","-1","-1","-1","-1","-1","-1","-1","-1","-1","-1","-1","-1","-1","-1","-1","-1","-1","-1","-1","-1","-1","-1","-1","-1","-1","-1","-1","-1","-1","-1","-1","-1","-1","-1","-1","-1","-1","-1","-1","-1","-1","-1","-1","-1","-1","-1","-1","-1","-1","-1","-1","-1","-1","-1","-1","-1","-1","-1","-1","-1","-1","-1","-1","-1","-1","-1","-1","-1","-1","-1","-1","-1","-1","-1","-1","-1","-1","-1","-1","-1","-1","-1","-1","-1","-1","-1","-1","-1","-1","-1","-1","-1","-1","-1","-1","-1","-1","-1","-1","-1","-1","-1","-1","-1","-1","-1","-1","-1","-1","-1","-1","-1","-1","-1","-1","-1","-1","-1","-1","-1","-1","-1","-1","-1","-1","-1","-1","-1","-1","-1","-1","-1","-1","-1","-1","-1","-1","-1","-1","-1","-1","-1","-1","-1","-1","-1","-1","-1","-1","-1","-1","-1","-1","-1","-1","-1","-1","-1","-1","-1","-1","-1","-1","-1","-1","-1","-1","-1","-1","-1","-1","-1","-1","-1","-1","-1","-1","-1","-1","-1","-1","-1","-1","-1","-1","-1","-1","-1","-1","-1","-1","-1","-1","-1","-1","-1","-1","-1","-1","-1","-1","-1","-1","-1","-1","-1","-1","-1","-1","-1","-1","-1","-1","-1","-1","-1","-1","-1","-1","-1","-1","-1","-1","-1","-1","-1","-1","-1","-1","-1","-1","-1","-1","-1","-1","-1","-1","-1","-1","-1","-1","-1","-1","-1","-1","-1","-1","-1","-1"
"4","cordus","102.0","82.5","18.5","95.5","83.0","11.5","156.0","88.0","67.5","-1","-1","-1","-1","-1","-1","-1","-1","-1","-1","-1","-1","-1","-1","-1","72.0","82.5","11.0","-1","-1","-1","118.0","89.5","28.0","269.5","74.0","195.0","-1","-1","-1","-1","-1","-1","-1","-1","-1","-1","-1","-1","-1","-1","-1","-1","-1","-1","-1","-1","-1","-1","-1","-1","-1","-1","-1","-1","-1","-1","381.5","98.5","282.5","99.5","106.0","63.5","66.5","113.0","46.0","79.5","100.0","20.5","93.5","112.0","23.0","-1","-1","-1","-1","-1","-1","182.5","99.0","83.0","-1","-1","-1","220.0","75.5","144.0","-1","-1","-1","-1","-1","-1","-1","-1","-1","-1","-1","-1","-1","-1","-1","-1","-1","-1","-1","-1","-1","98.5","83.5","42.5","-1","-1","-1","294.5","101.0","193.5","-1","-1","-1","119.0","96.5","22.0","-1","-1","-1","137.0","83.5","63.5","165.5","85.5","79.5","-1","-1","-1","-1","-1","-1","114.0","91.0","22.0","135.5","87.5","76.0","538.5","108.5","430.0","198.5","101.5","96.5","0.0","91.0","0.0","-1","-1","-1","-1","-1","-1","-1","-1","-1","-1","-1","-1","-1","-1","-1","-1","-1","-1","-1","-1","-1","-1","-1","-1","-1","-1","-1","-1","-1","-1","-1","-1","-1","-1","-1","-1","-1","-1","-1","-1","-1","-1","-1","-1","-1","-1","-1","-1","-1","-1","-1","-1","-1","-1","-1","-1","-1","-1","-1","-1","-1","-1","-1","-1","-1","-1","-1","-1","-1","-1","-1","-1","-1","-1","-1","-1","-1","-1","-1","-1","-1","-1","-1","-1","-1","-1","-1","-1","-1","-1","-1","-1","-1","-1","-1","-1","-1","-1","-1","-1","-1","-1","-1","-1","-1","-1","-1","-1","-1","-1","-1","-1","-1","-1","-1","-1","-1","-1","-1","-1","-1","-1","-1","-1","-1","-1","-1","-1","-1","-1","-1","-1","-1","-1","-1","-1","-1","-1","-1","-1","-1","-1","-1","-1","-1","-1","-1","-1","-1","-1","-1","-1","-1","-1","-1","-1","-1","-1","-1","-1","-1","-1","-1","-1","-1","-1","-1","-1","-1","-1","-1","-1","-1","-1","-1","-1","-1","-1","-1","-1","-1","-1","-1","-1","-1","-1","-1","-1","-1","-1","-1","-1","-1","-1","-1","-1","-1","-1","-1","-1","-1","-1","-1","-1","-1","-1","-1","-1","-1","-1","-1","-1","-1","-1","-1","-1","-1","-1","-1","-1","-1","-1","-1","-1","-1","-1","-1","-1","-1","-1","-1","-1","-1","-1","-1","-1","-1","-1","-1","-1","-1","-1","-1","-1","-1","-1","-1","-1","-1"
"5","cordus","116.5","86.0","29.5","100.0","81.0","18.5","128.5","74.0","54.0","-1","-1","-1","-1","-1","-1","-1","-1","-1","-1","-1","-1","-1","-1","-1","-1","-1","-1","171.5","90.5","80.5","118.5","82.5","35.0","149.0","79.0","69.5","-1","-1","-1","-1","-1","-1","-1","-1","-1","-1","-1","-1","153.5","79.5","74.0","123.0","116.0","102.5","130.5","83.5","47.0","0.0","76.5","0.0","-1","-1","-1","126.5","50.0","75.5","149.0","83.0","66.0","-1","-1","-1","-1","-1","-1","-1","-1","-1","-1","-1","-1","117.5","108.0","105.0","-1","-1","-1","-1","-1","-1","-1","-1","-1","198.0","88.0","109.5","-1","-1","-1","-1","-1","-1","-1","-1","-1","-1","-1","-1","-1","-1","-1","102.0","102.5","26.5","106.5","88.5","17.0","154.0","97.5","55.5","-1","-1","-1","202.5","99.5","102.5","-1","-1","-1","-1","-1","-1","-1","-1","-1","-1","-1","-1","-1","-1","-1","-1","-1","-1","-1","-1","-1","-1","-1","-1","-1","-1","-1","222.0","97.5","124.0","-1","-1","-1","-1","-1","-1","152.0","125.5","88.5","62.0","60.0","1.0","102.5","95.0","7.0","178.0","82.5","95.0","154.5","97.5","79.5","136.0","71.5","63.5","116.0","71.0","44.0","182.5","85.5","96.5","-1","-1","-1","-1","-1","-1","-1","-1","-1","-1","-1","-1","-1","-1","-1","-1","-1","-1","-1","-1","-1","-1","-1","-1","-1","-1","-1","-1","-1","-1","-1","-1","-1","-1","-1","-1","-1","-1","-1","-1","-1","-1","-1","-1","-1","-1","-1","-1","-1","-1","-1","-1","-1","-1","-1","-1","-1","-1","-1","-1","-1","-1","-1","-1","-1","-1","-1","-1","-1","-1","-1","-1","-1","-1","-1","-1","-1","-1","-1","-1","-1","-1","-1","-1","-1","-1","-1","-1","-1","-1","-1","-1","-1","-1","-1","-1","-1","-1","-1","-1","-1","-1","-1","-1","-1","-1","-1","-1","-1","-1","-1","-1","-1","-1","-1","-1","-1","-1","-1","-1","-1","-1","-1","-1","-1","-1","-1","-1","-1","-1","-1","-1","-1","-1","-1","-1","-1","-1","-1","-1","-1","-1","-1","-1","-1","-1","-1","-1","-1","-1","-1","-1","-1","-1","-1","-1","-1","-1","-1","-1","-1","-1","-1","-1","-1","-1","-1","-1","-1","-1","-1","-1","-1","-1","-1","-1","-1","-1","-1","-1","-1","-1","-1","-1","-1","-1","-1","-1","-1","-1","-1","-1","-1","-1","-1","-1","-1","-1","-1","-1","-1","-1","-1","-1","-1","-1","-1","-1","-1","-1","-1","-1","-1","-1","-1","-1","-1","-1","-1","-1","-1","-1","-1","-1","-1"
"6","cordus","135.5","82.0","53.0","120.5","86.0","41.0","159.5","90.5","75.5","-1","-1","-1","-1","-1","-1","-1","-1","-1","-1","-1","-1","140.5","73.5","70.5","131.0","69.5","65.0","297.5","78.0","219.5","108.0","81.5","26.0","-1","-1","-1","-1","-1","-1","153.5","80.5","72.5","-1","-1","-1","-1","-1","-1","-1","-1","-1","-1","-1","-1","-1","-1","-1","-1","-1","-1","-1","-1","-1","-1","-1","-1","-1","-1","-1","-1","-1","-1","-1","-1","-1","-1","-1","-1","-1","-1","-1","-1","-1","-1","-1","-1","-1","137.0","114.0","42.5","109.5","101.0","71.5","-1","-1","-1","166.0","74.5","91.0","112.5","71.0","41.5","95.0","71.0","23.5","-1","-1","-1","-1","-1","-1","-1","-1","-1","-1","-1","-1","-1","-1","-1","182.0","76.5","105.0","-1","-1","-1","-1","-1","-1","-1","-1","-1","-1","-1","-1","-1","-1","-1","-1","-1","-1","-1","-1","-1","-1","-1","-1","-1","-1","-1","-1","-1","-1","-1","-1","-1","-1","-1","-1","-1","-1","-1","-1","-1","-1","-1","-1","-1","-1","-1","-1","245.5","93.0","159.0","-1","-1","-1","-1","-1","-1","-1","-1","-1","154.0","89.5","64.5","117.5","88.5","33.5","128.0","108.0","39.0","123.5","92.0","38.0","151.0","98.0","59.5","126.0","69.5","56.0","198.5","78.5","119.0","193.5","70.0","122.5","165.0","67.0","97.0","99.5","82.5","26.5","149.5","85.5","74.0","0.0","88.0","0.0","-1","-1","-1","-1","-1","-1","-1","-1","-1","-1","-1","-1","-1","-1","-1","-1","-1","-1","-1","-1","-1","-1","-1","-1","-1","-1","-1","-1","-1","-1","-1","-1","-1","-1","-1","-1","-1","-1","-1","-1","-1","-1","-1","-1","-1","-1","-1","-1","-1","-1","-1","-1","-1","-1","-1","-1","-1","-1","-1","-1","-1","-1","-1","-1","-1","-1","-1","-1","-1","-1","-1","-1","-1","-1","-1","-1","-1","-1","-1","-1","-1","-1","-1","-1","-1","-1","-1","-1","-1","-1","-1","-1","-1","-1","-1","-1","-1","-1","-1","-1","-1","-1","-1","-1","-1","-1","-1","-1","-1","-1","-1","-1","-1","-1","-1","-1","-1","-1","-1","-1","-1","-1","-1","-1","-1","-1","-1","-1","-1","-1","-1","-1","-1","-1","-1","-1","-1","-1","-1","-1","-1","-1","-1","-1","-1","-1","-1","-1","-1","-1","-1","-1","-1","-1","-1","-1","-1","-1","-1","-1","-1","-1","-1","-1","-1","-1","-1","-1","-1","-1","-1","-1","-1","-1","-1","-1","-1","-1","-1","-1","-1","-1","-1","-1","-1","-1","-1","-1","-1","-1","-1","-1"
"7","cordus","131.5","83.5","47.5","109.5","89.0","26.5","221.5","96.0","131.5","-1","-1","-1","-1","-1","-1","-1","-1","-1","-1","-1","-1","122.0","89.5","67.5","126.5","92.0","69.5","131.0","80.5","53.5","112.0","90.0","25.5","-1","-1","-1","-1","-1","-1","120.0","73.5","61.5","-1","-1","-1","-1","-1","-1","-1","-1","-1","-1","-1","-1","115.5","71.5","43.5","-1","-1","-1","-1","-1","-1","-1","-1","-1","-1","-1","-1","-1","-1","-1","-1","-1","-1","-1","-1","-1","-1","-1","-1","0.0","94.0","0.0","-1","-1","-1","-1","-1","-1","-1","-1","-1","-1","-1","-1","-1","-1","-1","-1","-1","-1","-1","-1","-1","-1","-1","-1","-1","-1","-1","-1","-1","-1","-1","-1","-1","-1","-1","-1","-1","-1","-1","240.5","142.5","159.5","-1","-1","-1","90.5","114.0","49.0","-1","-1","-1","-1","-1","-1","-1","-1","-1","-1","-1","-1","-1","-1","-1","-1","-1","-1","-1","-1","-1","167.0","150.5","78.5","-1","-1","-1","-1","-1","-1","-1","-1","-1","-1","-1","-1","-1","-1","-1","82.5","59.5","23.0","-1","-1","-1","-1","-1","-1","-1","-1","-1","-1","-1","-1","-1","-1","-1","-1","-1","-1","-1","-1","-1","-1","-1","-1","-1","-1","-1","-1","-1","-1","-1","-1","-1","-1","-1","-1","-1","-1","-1","165.5","79.0","85.5","155.0","87.5","66.5","211.5","84.0","127.0","143.5","78.0","65.5","106.5","67.5","39.0","174.0","94.5","79.5","174.0","109.5","64.0","102.5","71.5","31.0","124.0","83.0","40.5","105.5","109.0","59.5","130.5","108.0","85.5","85.0","79.5","20.5","103.0","128.0","47.5","143.5","96.0","47.0","154.0","104.5","49.5","-1","-1","-1","-1","-1","-1","-1","-1","-1","-1","-1","-1","-1","-1","-1","-1","-1","-1","-1","-1","-1","-1","-1","-1","-1","-1","-1","-1","-1","-1","-1","-1","-1","-1","-1","-1","-1","-1","-1","-1","-1","-1","-1","-1","-1","-1","-1","-1","-1","-1","-1","-1","-1","-1","-1","-1","-1","-1","-1","-1","-1","-1","-1","-1","-1","-1","-1","-1","-1","-1","-1","-1","-1","-1","-1","-1","-1","-1","-1","-1","-1","-1","-1","-1","-1","-1","-1","-1","-1","-1","-1","-1","-1","-1","-1","-1","-1","-1","-1","-1","-1","-1","-1","-1","-1","-1","-1","-1","-1","-1","-1","-1","-1","-1","-1","-1","-1","-1","-1","-1","-1","-1","-1","-1","-1","-1","-1","-1","-1","-1","-1","-1","-1","-1","-1","-1","-1","-1","-1","-1","-1","-1","-1","-1","-1","-1","-1","-1","-1","-1","-1","-1","-1"
"8","cordus","-1","-1","-1","87.0","119.0","9.223372036854776e+18","-1","-1","-1","-1","-1","-1","-1","-1","-1","-1","-1","-1","-1","-1","-1","-1","-1","-1","-1","-1","-1","100.0","74.0","25.0","-1","-1","-1","155.5","82.0","73.0","-1","-1","-1","129.0","84.5","66.0","-1","-1","-1","-1","-1","-1","167.0","82.0","85.0","208.0","106.0","101.5","234.0","103.0","130.0","185.5","75.5","109.0","129.0","63.0","65.0","110.0","83.5","62.0","96.5","94.0","38.0","-1","-1","-1","-1","-1","-1","-1","-1","-1","-1","-1","-1","-1","-1","-1","-1","-1","-1","131.0","111.5","59.5","-1","-1","-1","-1","-1","-1","-1","-1","-1","-1","-1","-1","-1","-1","-1","-1","-1","-1","-1","-1","-1","112.5","112.5","42.0","105.0","93.5","44.5","114.5","101.0","46.5","-1","-1","-1","-1","-1","-1","-1","-1","-1","-1","-1","-1","-1","-1","-1","-1","-1","-1","-1","-1","-1","-1","-1","-1","-1","-1","-1","-1","-1","-1","-1","-1","-1","-1","-1","-1","-1","-1","-1","-1","-1","-1","-1","-1","-1","-1","-1","-1","-1","-1","-1","107.0","89.5","48.5","-1","-1","-1","-1","-1","-1","-1","-1","-1","-1","-1","-1","-1","-1","-1","120.0","82.5","37.5","113.5","95.0","42.0","111.0","92.5","42.0","-1","-1","-1","-1","-1","-1","-1","-1","-1","-1","-1","-1","-1","-1","-1","-1","-1","-1","-1","-1","-1","-1","-1","-1","120.5","138.5","9.223372036854776e+18","-1","-1","-1","-1","-1","-1","-1","-1","-1","0.0","75.0","0.0","105.0","95.5","9.5","-1","-1","-1","-1","-1","-1","93.0","75.5","38.5","-1","-1","-1","-1","-1","-1","-1","-1","-1","152.0","106.0","60.0","143.0","82.5","60.5","158.5","85.0","73.0","152.0","69.5","82.0","141.5","106.0","75.5","118.0","83.0","34.5","-1","-1","-1","-1","-1","-1","-1","-1","-1","-1","-1","-1","-1","-1","-1","-1","-1","-1","-1","-1","-1","-1","-1","-1","-1","-1","-1","-1","-1","-1","-1","-1","-1","-1","-1","-1","-1","-1","-1","-1","-1","-1","-1","-1","-1","-1","-1","-1","-1","-1","-1","-1","-1","-1","-1","-1","-1","-1","-1","-1","-1","-1","-1","-1","-1","-1","-1","-1","-1","-1","-1","-1","-1","-1","-1","-1","-1","-1","-1","-1","-1","-1","-1","-1","-1","-1","-1","-1","-1","-1","-1","-1","-1","-1","-1","-1","-1","-1","-1","-1","-1","-1","-1","-1","-1","-1","-1","-1","-1","-1","-1","-1","-1","-1","-1","-1","-1","-1","-1","-1","-1","-1","-1","-1","-1","-1","-1","-1","-1","-1","-1","-1","-1","-1","-1"
"9","cordus","-1","-1","-1","-1","-1","-1","120.5","95.5","42.0","-1","-1","-1","-1","-1","-1","-1","-1","-1","129.5","81.0","48.0","-1","-1","-1","-1","-1","-1","-1","-1","-1","105.0","96.5","41.5","176.0","73.0","102.0","-1","-1","-1","-1","-1","-1","-1","-1","-1","-1","-1","-1","148.0","74.5","73.0","130.5","134.0","108.5","124.0","153.0","82.5","135.5","94.0","41.0","129.0","72.5","56.5","112.5","100.5","71.5","125.0","97.0","87.0","-1","-1","-1","-1","-1","-1","-1","-1","-1","-1","-1","-1","-1","-1","-1","-1","-1","-1","-1","-1","-1","-1","-1","-1","-1","-1","-1","-1","-1","-1","-1","-1","-1","-1","-1","-1","-1","-1","-1","-1","-1","-1","114.0","112.0","88.0","115.0","103.5","79.0","154.0","106.0","115.5","-1","-1","-1","-1","-1","-1","-1","-1","-1","-1","-1","-1","-1","-1","-1","-1","-1","-1","-1","-1","-1","-1","-1","-1","-1","-1","-1","-1","-1","-1","-1","-1","-1","126.5","103.0","95.0","-1","-1","-1","-1","-1","-1","101.5","133.5","38.5","-1","-1","-1","-1","-1","-1","111.5","121.0","76.5","-1","-1","-1","-1","-1","-1","-1","-1","-1","-1","-1","-1","-1","-1","-1","-1","-1","-1","-1","-1","-1","-1","-1","-1","-1","-1","-1","-1","-1","-1","-1","-1","-1","-1","-1","-1","-1","-1","-1","-1","-1","-1","-1","-1","-1","113.5","103.0","27.5","218.5","131.5","158.0","-1","-1","-1","-1","-1","-1","-1","-1","-1","93.0","85.0","112.0","-1","-1","-1","-1","-1","-1","-1","-1","-1","-1","-1","-1","-1","-1","-1","-1","-1","-1","-1","-1","-1","-1","-1","-1","-1","-1","-1","-1","-1","-1","-1","-1","-1","-1","-1","-1","-1","-1","-1","141.5","125.0","87.0","119.5","92.5","26.0","83.0","105.5","22.5","108.5","95.0","25.0","98.0","92.0","109.5","203.5","62.5","141.0","193.0","76.0","117.0","111.0","76.0","37.0","127.0","68.5","60.5","0.0","95.5","0.0","-1","-1","-1","-1","-1","-1","-1","-1","-1","-1","-1","-1","-1","-1","-1","-1","-1","-1","-1","-1","-1","-1","-1","-1","-1","-1","-1","-1","-1","-1","-1","-1","-1","-1","-1","-1","-1","-1","-1","-1","-1","-1","-1","-1","-1","-1","-1","-1","-1","-1","-1","-1","-1","-1","-1","-1","-1","-1","-1","-1","-1","-1","-1","-1","-1","-1","-1","-1","-1","-1","-1","-1","-1","-1","-1","-1","-1","-1","-1","-1","-1","-1","-1","-1","-1","-1","-1","-1","-1","-1","-1","-1","-1","-1","-1","-1","-1","-1","-1","-1","-1","-1","-1","-1","-1"
"10","cordus","114.0","84.0","29.5","104.0","89.0","28.5","430.0","94.5","348.5","-1","-1","-1","-1","-1","-1","-1","-1","-1","-1","-1","-1","121.5","80.0","70.5","125.5","85.5","69.5","152.0","86.0","65.5","115.5","96.5","18.0","267.0","70.0","197.0","185.5","71.5","113.5","133.5","73.5","59.5","84.0","112.0","48.5","93.5","127.0","43.0","-1","-1","-1","-1","-1","-1","-1","-1","-1","-1","-1","-1","-1","-1","-1","-1","-1","-1","-1","-1","-1","-1","-1","-1","-1","-1","-1","-1","-1","-1","-1","-1","-1","-1","-1","-1","-1","-1","-1","-1","-1","-1","-1","-1","-1","-1","-1","-1","-1","-1","-1","-1","-1","-1","-1","-1","-1","-1","-1","-1","-1","-1","-1","-1","-1","-1","-1","-1","-1","0.0","102.0","0.0","-1","-1","-1","439.0","107.0","352.5","-1","-1","-1","-1","-1","-1","-1","-1","-1","-1","-1","-1","-1","-1","-1","-1","-1","-1","-1","-1","-1","-1","-1","-1","-1","-1","-1","125.5","98.0","90.0","-1","-1","-1","-1","-1","-1","-1","-1","-1","-1","-1","-1","-1","-1","-1","-1","-1","-1","-1","-1","-1","-1","-1","-1","-1","-1","-1","-1","-1","-1","-1","-1","-1","-1","-1","-1","-1","-1","-1","-1","-1","-1","-1","-1","-1","-1","-1","-1","-1","-1","-1","216.0","74.5","141.5","-1","-1","-1","-1","-1","-1","-1","-1","-1","-1","-1","-1","109.0","122.0","50.0","-1","-1","-1","-1","-1","-1","-1","-1","-1","-1","-1","-1","-1","-1","-1","-1","-1","-1","-1","-1","-1","-1","-1","-1","-1","-1","-1","-1","-1","-1","-1","-1","-1","-1","-1","-1","-1","-1","-1","-1","-1","-1","-1","-1","-1","-1","-1","-1","185.0","78.5","106.0","-1","-1","-1","-1","-1","-1","-1","-1","-1","-1","-1","-1","-1","-1","-1","-1","-1","-1","-1","-1","-1","111.0","79.0","41.0","125.0","70.5","63.0","131.0","117.5","23.0","164.5","94.5","79.5","274.0","75.0","199.0","186.0","112.0","95.0","151.5","76.0","75.0","130.5","111.0","87.5","-1","-1","-1","-1","-1","-1","-1","-1","-1","-1","-1","-1","-1","-1","-1","-1","-1","-1","-1","-1","-1","-1","-1","-1","-1","-1","-1","-1","-1","-1","-1","-1","-1","-1","-1","-1","-1","-1","-1","-1","-1","-1","-1","-1","-1","-1","-1","-1","-1","-1","-1","-1","-1","-1","-1","-1","-1","-1","-1","-1","-1","-1","-1","-1","-1","-1","-1","-1","-1","-1","-1","-1","-1","-1","-1","-1","-1","-1","-1","-1","-1","-1","-1","-1","-1","-1","-1","-1","-1","-1"
"11","cor","-1","-1","-1","-1","-1","-1","-1","-1","-1","-1","-1","-1","-1","-1","-1","-1","-1","-1","-1","-1","-1","467.5","86.0","381.5","-1","-1","-1","-1","-1","-1","-1","-1","-1","-1","-1","-1","-1","-1","-1","-1","-1","-1","-1","-1","-1","-1","-1","-1","-1","-1","-1","-1","-1","-1","-1","-1","-1","-1","-1","-1","-1","-1","-1","-1","-1","-1","-1","-1","-1","-1","-1","-1","-1","-1","-1","-1","-1","-1","-1","-1","-1","-1","-1","-1","-1","-1","-1","-1","-1","-1","-1","-1","-1","-1","-1","-1","-1","-1","-1","-1","-1","-1","-1","-1","-1","-1","-1","-1","-1","-1","-1","-1","-1","-1","-1","-1","-1","-1","-1","-1","-1","-1","-1","-1","-1","-1","-1","-1","-1","-1","-1","-1","-1","-1","-1","-1","-1","-1","-1","-1","-1","-1","-1","-1","-1","-1","-1","-1","-1","-1","-1","-1","-1","-1","-1","-1","-1","-1","-1","-1","-1","-1","-1","-1","-1","-1","-1","-1","-1","-1","-1","-1","-1","-1","-1","-1","-1","-1","-1","-1","-1","-1","-1","-1","-1","-1","-1","-1","-1","-1","-1","-1","382.5","86.5","295.0","-1","-1","-1","-1","-1","-1","-1","-1","-1","-1","-1","-1","-1","-1","-1","-1","-1","-1","-1","-1","-1","-1","-1","-1","-1","-1","-1","-1","-1","-1","-1","-1","-1","-1","-1","-1","-1","-1","-1","-1","-1","-1","-1","-1","-1","-1","-1","-1","-1","-1","-1","-1","-1","-1","-1","-1","-1","-1","-1","-1","-1","-1","-1","-1","-1","-1","-1","-1","-1","-1","-1","-1","-1","-1","-1","319.5","143.5","176.0","-1","-1","-1","-1","-1","-1","-1","-1","-1","-1","-1","-1","486.0","87.5","398.0","-1","-1","-1","-1","-1","-1","-1","-1","-1","-1","-1","-1","-1","-1","-1","-1","-1","-1","-1","-1","-1","-1","-1","-1","-1","-1","-1","-1","-1","-1","-1","-1","-1","456.5","108.5","347.0","479.0","91.5","387.0","418.5","81.5","336.0","360.0","117.0","242.5","0.0","128.0","0.0","-1","-1","-1","-1","-1","-1","-1","-1","-1","-1","-1","-1","-1","-1","-1","-1","-1","-1","-1","-1","-1","-1","-1","-1","-1","-1","-1","-1","-1","-1","-1","-1","-1","-1","-1","-1","-1","-1","-1","-1","-1","-1","-1","-1","-1","-1","-1","-1","-1","-1","-1","-1","-1","-1","-1","-1","-1","-1","-1","-1","-1","-1","-1","-1","-1","-1","-1","-1","-1","-1","-1","-1","-1","-1","-1"
"12","cor","241.0","102.5","138.5","269.5","89.0","180.0","613.5","102.5","511.0","-1","-1","-1","-1","-1","-1","-1","-1","-1","-1","-1","-1","-1","-1","-1","-1","-1","-1","0.0","96.0","0.0","-1","-1","-1","-1","-1","-1","-1","-1","-1","-1","-1","-1","-1","-1","-1","-1","-1","-1","-1","-1","-1","-1","-1","-1","-1","-1","-1","-1","-1","-1","-1","-1","-1","-1","-1","-1","323.5","104.0","219.0","-1","-1","-1","-1","-1","-1","-1","-1","-1","-1","-1","-1","-1","-1","-1","-1","-1","-1","-1","-1","-1","-1","-1","-1","-1","-1","-1","-1","-1","-1","-1","-1","-1","-1","-1","-1","-1","-1","-1","-1","-1","-1","-1","-1","-1","-1","-1","-1","-1","-1","-1","-1","-1","-1","-1","-1","-1","-1","-1","-1","-1","-1","-1","-1","-1","-1","-1","-1","-1","-1","-1","-1","-1","-1","-1","-1","-1","-1","-1","-1","-1","-1","-1","-1","-1","-1","-1","-1","-1","-1","-1","-1","-1","-1","-1","-1","-1","-1","-1","-1","-1","-1","-1","-1","-1","-1","-1","-1","-1","-1","-1","-1","-1","-1","-1","-1","-1","-1","-1","-1","-1","-1","-1","-1","-1","-1","-1","-1","-1","-1","-1","-1","-1","-1","-1","-1","-1","-1","-1","-1","-1","-1","-1","-1","-1","-1","-1","-1","-1","-1","-1","-1","-1","-1","-1","-1","-1","-1","-1","-1","-1","-1","-1","-1","-1","-1","-1","-1","-1","-1","-1","-1","-1","-1","-1","-1","-1","-1","-1","-1","-1","-1","-1","-1","-1","-1","-1","-1","-1","-1","-1","-1","-1","-1","-1","-1","-1","-1","-1","-1","-1","-1","-1","-1","-1","-1","-1","-1","-1","-1","-1","-1","-1","-1","-1","-1","-1","-1","-1","-1","-1","-1","-1","-1","-1","-1","-1","-1","-1","-1","-1","-1","-1","-1","-1","-1","-1","-1","-1","-1","-1","-1","-1","-1","-1","-1","-1","-1","-1","-1","-1","-1","-1","-1","-1","-1","-1","-1","-1","-1","-1","-1","-1","-1","-1","-1","-1","445.5","88.0","357.5","468.5","74.0","394.5","517.5","83.5","433.5","369.5","96.5","272.5","289.0","87.0","201.5","-1","-1","-1","-1","-1","-1","-1","-1","-1","-1","-1","-1","-1","-1","-1","-1","-1","-1","-1","-1","-1","-1","-1","-1","-1","-1","-1","-1","-1","-1","-1","-1","-1","-1","-1","-1","-1","-1","-1","-1","-1","-1","-1","-1","-1","-1","-1","-1","-1","-1","-1","-1","-1","-1","-1","-1","-1","-1","-1","-1"
"13","cor","-1","-1","-1","-1","-1","-1","0.0","83.5","0.0","-1","-1","-1","-1","-1","-1","-1","-1","-1","-1","-1","-1","-1","-1","-1","-1","-1","-1","-1","-1","-1","240.0","93.0","146.5","-1","-1","-1","-1","-1","-1","-1","-1","-1","-1","-1","-1","270.0","91.0","178.5","-1","-1","-1","-1","-1","-1","-1","-1","-1","-1","-1","-1","-1","-1","-1","168.5","87.0","81.0","-1","-1","-1","399.5","87.0","311.5","-1","-1","-1","-1","-1","-1","-1","-1","-1","-1","-1","-1","-1","-1","-1","-1","-1","-1","-1","-1","-1","299.0","94.5","204.0","-1","-1","-1","-1","-1","-1","-1","-1","-1","-1","-1","-1","-1","-1","-1","294.0","92.5","200.5","234.5","95.0","139.5","302.0","90.0","211.5","-1","-1","-1","287.5","85.0","201.5","214.5","97.5","116.0","355.0","92.0","262.5","-1","-1","-1","359.5","95.5","264.0","488.5","83.5","404.5","-1","-1","-1","-1","-1","-1","-1","-1","-1","-1","-1","-1","-1","-1","-1","-1","-1","-1","-1","-1","-1","-1","-1","-1","-1","-1","-1","-1","-1","-1","-1","-1","-1","-1","-1","-1","-1","-1","-1","-1","-1","-1","-1","-1","-1","-1","-1","-1","-1","-1","-1","-1","-1","-1","-1","-1","-1","-1","-1","-1","-1","-1","-1","-1","-1","-1","-1","-1","-1","-1","-1","-1","-1","-1","-1","-1","-1","-1","-1","-1","-1","-1","-1","-1","-1","-1","-1","-1","-1","-1","-1","-1","-1","-1","-1","-1","-1","-1","-1","-1","-1","-1","-1","-1","-1","-1","-1","-1","-1","-1","-1","-1","-1","-1","-1","-1","-1","-1","-1","-1","-1","-1","-1","-1","-1","-1","-1","-1","-1","-1","-1","-1","-1","-1","-1","-1","-1","-1","-1","-1","-1","-1","-1","-1","-1","-1","-1","-1","-1","-1","-1","-1","-1","-1","-1","-1","-1","-1","-1","-1","-1","-1","-1","-1","-1","-1","-1","-1","-1","-1","-1","-1","-1","-1","-1","-1","-1","-1","-1","-1","-1","-1","-1","-1","-1","-1","-1","-1","-1","-1","-1","-1","-1","-1","-1","-1","-1","-1","-1","-1","-1","-1","-1","-1","-1","-1","-1","-1","-1","-1","-1","-1","-1","-1","-1","-1","-1","-1","-1","-1","-1","-1","-1","-1","-1","-1","-1","-1","-1","-1","-1","-1","-1","-1","-1","-1","-1","-1","-1","-1","-1","-1","-1","-1","-1","-1","-1","-1","-1","-1","-1","-1","-1","-1","-1","-1","-1","-1","-1","-1","-1","-1","-1","-1","-1","-1","-1","-1","-1","-1"
"14","cor","-1","-1","-1","-1","-1","-1","-1","-1","-1","-1","-1","-1","-1","-1","-1","-1","-1","-1","372.0","87.5","284.0","393.0","92.0","300.5","-1","-1","-1","-1","-1","-1","-1","-1","-1","-1","-1","-1","287.5","78.5","208.5","-1","-1","-1","-1","-1","-1","-1","-1","-1","-1","-1","-1","-1","-1","-1","-1","-1","-1","-1","-1","-1","-1","-1","-1","-1","-1","-1","-1","-1","-1","-1","-1","-1","-1","-1","-1","-1","-1","-1","-1","-1","-1","-1","-1","-1","-1","-1","-1","-1","-1","-1","-1","-1","-1","343.0","77.5","265.0","-1","-1","-1","-1","-1","-1","-1","-1","-1","-1","-1","-1","-1","-1","-1","-1","-1","-1","-1","-1","-1","-1","-1","-1","-1","-1","-1","-1","-1","-1","-1","-1","-1","-1","-1","-1","-1","-1","-1","-1","-1","-1","-1","-1","-1","-1","-1","-1","-1","-1","-1","-1","-1","-1","-1","-1","-1","-1","-1","-1","-1","-1","-1","-1","-1","-1","231.5","81.0","150.5","-1","-1","-1","-1","-1","-1","-1","-1","-1","-1","-1","-1","528.5","85.5","443.0","-1","-1","-1","-1","-1","-1","-1","-1","-1","-1","-1","-1","-1","-1","-1","-1","-1","-1","-1","-1","-1","-1","-1","-1","-1","-1","-1","-1","-1","-1","-1","-1","-1","-1","-1","-1","-1","-1","-1","-1","-1","-1","-1","-1","-1","-1","-1","-1","-1","-1","-1","-1","-1","-1","-1","-1","-1","-1","-1","-1","-1","-1","-1","-1","-1","-1","-1","-1","-1","-1","-1","-1","-1","-1","-1","-1","-1","-1","-1","-1","-1","-1","-1","-1","-1","-1","-1","-1","-1","-1","-1","-1","-1","-1","-1","-1","330.5","93.5","237.0","215.5","73.0","142.5","-1","-1","-1","-1","-1","-1","-1","-1","-1","-1","-1","-1","-1","-1","-1","-1","-1","-1","284.5","83.0","201.0","-1","-1","-1","-1","-1","-1","-1","-1","-1","-1","-1","-1","-1","-1","-1","-1","-1","-1","-1","-1","-1","-1","-1","-1","-1","-1","-1","-1","-1","-1","-1","-1","-1","-1","-1","-1","-1","-1","-1","328.0","81.0","246.5","-1","-1","-1","-1","-1","-1","501.0","77.0","424.0","271.5","69.5","201.5","0.0","88.5","0.0","-1","-1","-1","-1","-1","-1","-1","-1","-1","-1","-1","-1","-1","-1","-1","-1","-1","-1","-1","-1","-1","-1","-1","-1","-1","-1","-1","-1","-1","-1","-1","-1","-1","-1","-1","-1","-1","-1","-1","-1","-1","-1","-1","-1","-1","-1","-1","-1","-1","-1","-1"
"15","cor","-1","-1","-1","-1","-1","-1","287.0","85.0","201.5","-1","-1","-1","-1","-1","-1","-1","-1","-1","-1","-1","-1","-1","-1","-1","-1","-1","-1","-1","-1","-1","275.0","76.5","198.0","-1","-1","-1","-1","-1","-1","-1","-1","-1","-1","-1","-1","-1","-1","-1","-1","-1","-1","-1","-1","-1","-1","-1","-1","-1","-1","-1","-1","-1","-1","-1","-1","-1","-1","-1","-1","-1","-1","-1","-1","-1","-1","-1","-1","-1","-1","-1","-1","-1","-1","-1","314.5","105.0","208.5","-1","-1","-1","-1","-1","-1","0.0","78.5","0.0","-1","-1","-1","-1","-1","-1","-1","-1","-1","-1","-1","-1","-1","-1","-1","-1","-1","-1","-1","-1","-1","-1","-1","-1","-1","-1","-1","-1","-1","-1","-1","-1","-1","-1","-1","-1","-1","-1","-1","284.5","78.5","205.0","352.0","76.5","275.0","295.5","81.0","214.0","-1","-1","-1","-1","-1","-1","-1","-1","-1","-1","-1","-1","-1","-1","-1","-1","-1","-1","-1","-1","-1","-1","-1","-1","227.0","90.0","136.0","-1","-1","-1","-1","-1","-1","-1","-1","-1","-1","-1","-1","-1","-1","-1","-1","-1","-1","-1","-1","-1","-1","-1","-1","-1","-1","-1","-1","-1","-1","-1","-1","-1","-1","-1","-1","-1","-1","-1","-1","-1","-1","217.5","67.0","150.0","-1","-1","-1","-1","-1","-1","-1","-1","-1","-1","-1","-1","-1","-1","-1","-1","-1","-1","-1","-1","-1","-1","-1","-1","-1","-1","-1","-1","-1","-1","-1","-1","-1","-1","-1","-1","-1","-1","-1","-1","-1","-1","-1","-1","-1","-1","-1","-1","-1","-1","-1","-1","-1","-1","-1","-1","-1","-1","-1","-1","-1","-1","-1","-1","-1","-1","-1","-1","-1","-1","-1","-1","-1","-1","-1","-1","-1","-1","-1","-1","-1","-1","-1","-1","-1","-1","-1","-1","-1","-1","-1","-1","-1","-1","-1","-1","-1","-1","-1","-1","-1","-1","-1","-1","-1","-1","-1","-1","-1","-1","-1","-1","-1","-1","-1","-1","-1","-1","-1","-1","-1","-1","-1","-1","-1","-1","-1","-1","-1","-1","-1","-1","-1","-1","-1","-1","-1","-1","-1","-1","-1","316.0","107.0","208.5","202.0","92.5","108.5","223.5","92.5","130.0","250.5","97.0","152.5","230.5","100.0","130.0","-1","-1","-1","-1","-1","-1","-1","-1","-1","-1","-1","-1","-1","-1","-1","-1","-1","-1","-1","-1","-1","-1","-1","-1","-1","-1","-1","-1","-1","-1","-1","-1","-1","-1","-1","-1","-1","-1","-1"
"16","cor","237.5","82.0","155.0","248.5","85.5","162.5","268.5","82.5","185.0","-1","-1","-1","-1","-1","-1","-1","-1","-1","-1","-1","-1","-1","-1","-1","-1","-1","-1","-1","-1","-1","219.5","88.0","131.5","-1","-1","-1","-1","-1","-1","-1","-1","-1","-1","-1","-1","-1","-1","-1","-1","-1","-1","-1","-1","-1","-1","-1","-1","-1","-1","-1","-1","-1","-1","-1","-1","-1","-1","-1","-1","-1","-1","-1","-1","-1","-1","-1","-1","-1","-1","-1","-1","-1","-1","-1","-1","-1","-1","-1","-1","-1","-1","-1","-1","-1","-1","-1","-1","-1","-1","-1","-1","-1","-1","-1","-1","-1","-1","-1","-1","-1","-1","-1","-1","-1","-1","-1","-1","-1","-1","-1","-1","-1","-1","-1","-1","-1","-1","-1","-1","-1","-1","-1","-1","-1","-1","241.5","93.5","147.5","0.0","86.0","0.0","-1","-1","-1","-1","-1","-1","-1","-1","-1","-1","-1","-1","-1","-1","-1","293.5","86.0","206.5","309.5","89.0","219.5","-1","-1","-1","-1","-1","-1","-1","-1","-1","-1","-1","-1","-1","-1","-1","-1","-1","-1","-1","-1","-1","-1","-1","-1","-1","-1","-1","-1","-1","-1","-1","-1","-1","-1","-1","-1","-1","-1","-1","-1","-1","-1","-1","-1","-1","-1","-1","-1","-1","-1","-1","-1","-1","-1","-1","-1","-1","-1","-1","-1","-1","-1","-1","-1","-1","-1","-1","-1","-1","-1","-1","-1","-1","-1","-1","-1","-1","-1","-1","-1","-1","-1","-1","-1","-1","-1","-1","-1","-1","-1","-1","-1","-1","-1","-1","-1","-1","-1","-1","-1","-1","-1","-1","-1","-1","-1","-1","-1","269.5","107.0","161.5","-1","-1","-1","-1","-1","-1","-1","-1","-1","-1","-1","-1","-1","-1","-1","-1","-1","-1","-1","-1","-1","-1","-1","-1","-1","-1","-1","-1","-1","-1","-1","-1","-1","-1","-1","-1","-1","-1","-1","-1","-1","-1","-1","-1","-1","-1","-1","-1","-1","-1","-1","-1","-1","-1","276.5","76.0","200.5","231.0","98.0","132.0","284.0","93.5","190.0","-1","-1","-1","-1","-1","-1","-1","-1","-1","-1","-1","-1","-1","-1","-1","-1","-1","-1","-1","-1","-1","-1","-1","-1","-1","-1","-1","-1","-1","-1","-1","-1","-1","-1","-1","-1","301.5","82.5","218.0","-1","-1","-1","-1","-1","-1","-1","-1","-1","-1","-1","-1","-1","-1","-1","-1","-1","-1","-1","-1","-1","-1","-1","-1","-1","-1","-1","-1","-1","-1","-1","-1","-1","-1","-1","-1"
"17","cor","-1","-1","-1","-1","-1","-1","-1","-1","-1","-1","-1","-1","-1","-1","-1","-1","-1","-1","-1","-1","-1","-1","-1","-1","-1","-1","-1","-1","-1","-1","-1","-1","-1","-1","-1","-1","-1","-1","-1","-1","-1","-1","-1","-1","-1","-1","-1","-1","-1","-1","-1","257.5","108.5","149.0","312.5","90.0","222.5","-1","-1","-1","-1","-1","-1","-1","-1","-1","-1","-1","-1","-1","-1","-1","-1","-1","-1","-1","-1","-1","-1","-1","-1","-1","-1","-1","-1","-1","-1","-1","-1","-1","-1","-1","-1","-1","-1","-1","-1","-1","-1","-1","-1","-1","-1","-1","-1","-1","-1","-1","-1","-1","-1","236.0","100.0","136.0","-1","-1","-1","-1","-1","-1","-1","-1","-1","191.0","96.5","94.0","162.0","119.5","42.0","0.0","88.5","0.0","-1","-1","-1","-1","-1","-1","-1","-1","-1","-1","-1","-1","-1","-1","-1","-1","-1","-1","-1","-1","-1","-1","-1","-1","-1","-1","-1","-1","-1","-1","-1","-1","-1","-1","-1","-1","-1","-1","-1","540.5","88.0","452.5","-1","-1","-1","-1","-1","-1","-1","-1","-1","-1","-1","-1","-1","-1","-1","-1","-1","-1","-1","-1","-1","-1","-1","-1","-1","-1","-1","-1","-1","-1","-1","-1","-1","-1","-1","-1","-1","-1","-1","555.5","67.0","488.5","-1","-1","-1","-1","-1","-1","-1","-1","-1","-1","-1","-1","-1","-1","-1","-1","-1","-1","-1","-1","-1","-1","-1","-1","-1","-1","-1","-1","-1","-1","-1","-1","-1","-1","-1","-1","-1","-1","-1","-1","-1","-1","-1","-1","-1","-1","-1","-1","-1","-1","-1","-1","-1","-1","-1","-1","-1","-1","-1","-1","-1","-1","-1","-1","-1","-1","-1","-1","-1","-1","-1","-1","-1","-1","-1","-1","-1","-1","-1","-1","-1","-1","-1","-1","-1","-1","-1","-1","-1","-1","-1","-1","-1","-1","-1","-1","-1","-1","-1","-1","-1","-1","-1","-1","-1","-1","-1","-1","-1","-1","-1","-1","-1","-1","-1","-1","-1","-1","-1","-1","-1","-1","-1","-1","-1","-1","160.5","110.0","68.5","-1","-1","-1","-1","-1","-1","-1","-1","-1","-1","-1","-1","-1","-1","-1","-1","-1","-1","-1","-1","-1","-1","-1","-1","-1","-1","-1","-1","-1","-1","188.5","118.5","69.0","245.0","99.0","164.5","349.0","73.0","275.5","241.5","73.5","167.5","-1","-1","-1","-1","-1","-1","-1","-1","-1","-1","-1","-1","-1","-1","-1","-1","-1","-1","-1","-1","-1","-1","-1","-1"
"18","cor","151.5","86.0","65.0","141.0","99.0","41.5","329.0","92.5","236.0","-1","-1","-1","-1","-1","-1","-1","-1","-1","-1","-1","-1","-1","-1","-1","-1","-1","-1","-1","-1","-1","173.5","99.0","74.0","-1","-1","-1","-1","-1","-1","-1","-1","-1","-1","-1","-1","288.0","82.5","205.5","-1","-1","-1","-1","-1","-1","-1","-1","-1","-1","-1","-1","-1","-1","-1","207.5","76.5","130.5","-1","-1","-1","347.5","83.0","264.5","-1","-1","-1","-1","-1","-1","-1","-1","-1","-1","-1","-1","-1","-1","-1","-1","-1","-1","-1","-1","-1","-1","-1","-1","-1","-1","-1","-1","-1","-1","-1","-1","-1","-1","-1","-1","-1","-1","-1","-1","-1","-1","-1","-1","-1","-1","-1","-1","-1","-1","-1","275.0","72.0","203.0","-1","-1","-1","-1","-1","-1","-1","-1","-1","258.0","95.5","161.5","333.5","77.5","255.5","-1","-1","-1","-1","-1","-1","-1","-1","-1","-1","-1","-1","-1","-1","-1","-1","-1","-1","-1","-1","-1","-1","-1","-1","-1","-1","-1","-1","-1","-1","-1","-1","-1","-1","-1","-1","-1","-1","-1","-1","-1","-1","-1","-1","-1","-1","-1","-1","-1","-1","-1","-1","-1","-1","-1","-1","-1","-1","-1","-1","-1","-1","-1","-1","-1","-1","-1","-1","-1","-1","-1","-1","-1","-1","-1","-1","-1","-1","-1","-1","-1","259.0","96.0","162.5","-1","-1","-1","-1","-1","-1","-1","-1","-1","-1","-1","-1","-1","-1","-1","-1","-1","-1","-1","-1","-1","-1","-1","-1","-1","-1","-1","-1","-1","-1","-1","-1","-1","-1","-1","-1","-1","-1","-1","-1","-1","-1","-1","-1","-1","-1","-1","-1","-1","-1","-1","-1","-1","-1","-1","-1","-1","-1","-1","-1","-1","-1","-1","-1","-1","-1","-1","-1","-1","-1","-1","-1","-1","-1","-1","-1","-1","-1","-1","-1","-1","-1","-1","-1","-1","-1","-1","-1","-1","-1","-1","-1","-1","-1","-1","-1","-1","-1","-1","-1","-1","-1","-1","-1","-1","-1","-1","-1","-1","-1","-1","373.0","79.5","292.5","-1","-1","-1","-1","-1","-1","-1","-1","-1","-1","-1","-1","-1","-1","-1","-1","-1","-1","-1","-1","-1","-1","-1","-1","-1","-1","-1","-1","-1","-1","-1","-1","-1","-1","-1","-1","-1","-1","-1","-1","-1","-1","-1","-1","-1","-1","-1","-1","208.5","84.5","124.0","187.0","94.0","93.0","0.0","93.0","0.0","-1","-1","-1","-1","-1","-1","-1","-1","-1","-1","-1","-1","-1","-1","-1"
"19","cor","-1","-1","-1","-1","-1","-1","168.0","114.0","53.5","-1","-1","-1","-1","-1","-1","-1","-1","-1","-1","-1","-1","-1","-1","-1","-1","-1","-1","-1","-1","-1","-1","-1","-1","-1","-1","-1","-1","-1","-1","-1","-1","-1","-1","-1","-1","-1","-1","-1","-1","-1","-1","-1","-1","-1","698.0","79.5","618.0","584.0","76.5","507.0","151.5","105.5","45.5","-1","-1","-1","-1","-1","-1","-1","-1","-1","-1","-1","-1","-1","-1","-1","-1","-1","-1","-1","-1","-1","-1","-1","-1","211.5","87.5","123.0","-1","-1","-1","-1","-1","-1","-1","-1","-1","-1","-1","-1","-1","-1","-1","-1","-1","-1","-1","-1","-1","201.5","96.5","104.5","243.0","83.5","159.5","0.0","77.5","0.0","-1","-1","-1","-1","-1","-1","-1","-1","-1","-1","-1","-1","-1","-1","-1","-1","-1","-1","-1","-1","-1","-1","-1","-1","-1","-1","-1","-1","-1","-1","-1","-1","-1","-1","-1","-1","-1","-1","-1","-1","-1","-1","-1","-1","-1","-1","-1","-1","-1","-1","-1","147.0","102.5","43.5","-1","-1","-1","-1","-1","-1","-1","-1","-1","-1","-1","-1","-1","-1","-1","-1","-1","-1","-1","-1","-1","-1","-1","-1","-1","-1","-1","-1","-1","-1","-1","-1","-1","-1","-1","-1","-1","-1","-1","-1","-1","-1","-1","-1","-1","-1","-1","-1","-1","-1","-1","-1","-1","-1","-1","-1","-1","-1","-1","-1","-1","-1","-1","-1","-1","-1","-1","-1","-1","-1","-1","-1","-1","-1","-1","-1","-1","-1","-1","-1","-1","-1","-1","-1","-1","-1","-1","-1","-1","-1","-1","-1","-1","-1","-1","-1","181.5","90.0","91.0","-1","-1","-1","-1","-1","-1","280.0","78.0","201.5","-1","-1","-1","-1","-1","-1","-1","-1","-1","-1","-1","-1","-1","-1","-1","-1","-1","-1","-1","-1","-1","-1","-1","-1","-1","-1","-1","-1","-1","-1","-1","-1","-1","-1","-1","-1","-1","-1","-1","-1","-1","-1","-1","-1","-1","-1","-1","-1","-1","-1","-1","-1","-1","-1","-1","-1","-1","-1","-1","-1","-1","-1","-1","-1","-1","-1","-1","-1","-1","-1","-1","-1","-1","-1","-1","-1","-1","-1","-1","-1","-1","-1","-1","-1","-1","-1","-1","-1","-1","-1","-1","-1","-1","-1","-1","-1","-1","-1","-1","-1","-1","-1","-1","-1","-1","-1","-1","-1","-1","-1","-1","183.5","95.0","88.0","293.0","80.5","211.5","183.0","93.5","89.0","262.0","88.5","172.5","-1","-1","-1","-1","-1","-1"
"20","cor","-1","-1","-1","-1","-1","-1","-1","-1","-1","-1","-1","-1","-1","-1","-1","-1","-1","-1","-1","-1","-1","-1","-1","-1","-1","-1","-1","354.0","81.0","272.5","246.5","100.0","146.0","-1","-1","-1","-1","-1","-1","-1","-1","-1","-1","-1","-1","-1","-1","-1","-1","-1","-1","-1","-1","-1","-1","-1","-1","-1","-1","-1","-1","-1","-1","-1","-1","-1","348.0","97.0","250.5","-1","-1","-1","-1","-1","-1","-1","-1","-1","-1","-1","-1","354.0","75.5","277.5","-1","-1","-1","-1","-1","-1","-1","-1","-1","259.5","101.0","158.0","-1","-1","-1","-1","-1","-1","-1","-1","-1","-1","-1","-1","-1","-1","-1","215.5","99.0","115.5","-1","-1","-1","-1","-1","-1","-1","-1","-1","-1","-1","-1","163.0","132.5","30.0","266.0","86.5","178.5","-1","-1","-1","268.5","84.0","184.0","281.5","69.0","212.0","-1","-1","-1","-1","-1","-1","-1","-1","-1","-1","-1","-1","-1","-1","-1","-1","-1","-1","-1","-1","-1","-1","-1","-1","-1","-1","-1","-1","-1","-1","416.5","88.0","328.0","-1","-1","-1","241.5","78.0","163.0","-1","-1","-1","-1","-1","-1","-1","-1","-1","-1","-1","-1","-1","-1","-1","-1","-1","-1","-1","-1","-1","-1","-1","-1","-1","-1","-1","-1","-1","-1","-1","-1","-1","-1","-1","-1","-1","-1","-1","-1","-1","-1","-1","-1","-1","-1","-1","-1","-1","-1","-1","-1","-1","-1","0.0","87.0","0.0","216.0","81.5","134.0","-1","-1","-1","-1","-1","-1","-1","-1","-1","-1","-1","-1","-1","-1","-1","-1","-1","-1","-1","-1","-1","-1","-1","-1","-1","-1","-1","-1","-1","-1","-1","-1","-1","-1","-1","-1","-1","-1","-1","-1","-1","-1","-1","-1","-1","-1","-1","-1","-1","-1","-1","-1","-1","-1","-1","-1","-1","-1","-1","-1","-1","-1","-1","-1","-1","-1","-1","-1","-1","-1","-1","-1","-1","-1","-1","-1","-1","-1","-1","-1","-1","-1","-1","-1","-1","-1","-1","-1","-1","-1","-1","-1","-1","-1","-1","-1","-1","-1","-1","-1","-1","-1","-1","-1","-1","-1","-1","-1","-1","-1","-1","-1","-1","-1","-1","-1","-1","-1","-1","-1","-1","-1","-1","-1","-1","-1","-1","-1","-1","-1","-1","-1","-1","-1","-1","-1","-1","-1","-1","-1","-1","-1","-1","-1","-1","-1","-1","-1","-1","-1","-1","-1","-1","-1","-1","-1","-1","-1","-1","-1","-1","-1","-1","-1","-1","180.5","86.0","94.5","381.5","88.5","292.5"
